provider_id,address_line1,city,state,zip,phone
P00001,32181 Johnson Course Apt. 389,New Jamesside,TX,55488,479.540.2654
P00002,1559 Roman Stream,Herrerafurt,FL,10829,+1-649-359-3103
P00003,7525 Clark Grove Apt. 928,East Steven,WA,35883,+1-783-550-3056x4139
P00004,42388 Burgess Meadow Suite 532,Daviston,FL,14872,(626)291-6697
P00005,514 Moore Alley Suite 828,Port Colleenhaven,IL,80319,925.228.8095
P00006,03911 Cabrera Trace Apt. 278,West Allison,WA,80008,(738)234-6578x71331
P00007,10310 Jones Freeway,Elizabethborough,WA,71179,(399)873-7631
P00008,106 Mcbride Coves,East James,IL,59301,(362)247-3178
P00009,32677 Michelle Circle,South Aaron,TX,51674,274-768-7234x309
P00010,81219 Emma Freeway,Wilsonshire,FL,32772,001-790-691-6998
P00011,6247 Hickman Cliffs,South Christineshire,WA,13605,783-684-2513
P00012,808 Huynh Cove Apt. 411,West Juan,AZ,28108,001-253-748-7401x640
P00013,78680 Charles Spurs Apt. 805,South David,WA,40905,(405)433-1586x923
P00014,3421 Brennan Walks Suite 337,Kevinbury,NY,29720,8367541458
P00015,94019 Reed Turnpike Suite 698,South Rachelborough,AZ,33887,7607883561
P00016,465 Terry Plaza Apt. 366,New Ashley,CA,53726,+1-904-943-6995
P00017,214 Davis Terrace Apt. 433,North Brandon,TX,62778,+1-317-869-3676x320
P00018,83172 Contreras Points Suite 798,Rivasside,WA,58947,(677)943-4873
P00019,5812 Jesse Square Apt. 316,Riveramouth,FL,54997,2367690967
P00020,893 Robinson Mews Suite 065,Ramseymouth,CA,17229,+1-280-669-9016x272
P00021,6464 Thomas Summit Apt. 531,Port Anthonybury,TX,26631,9926327193
P00022,41904 Sanders Stravenue,North Brittany,NY,82714,814.791.9058
P00023,7165 Zimmerman Mews,Lake Aimee,FL,85757,998-577-6945x314
P00024,0752 Lewis Union Suite 549,Angelahaven,GA,25543,236-378-3777
P00025,9578 Coleman Summit,Michaelmouth,FL,36010,643-313-5182x3374
P00026,40824 Terri Plaza Suite 271,New Justinfort,CA,58234,620-347-1167x19022
P00027,993 Hayes Mills Suite 964,New Susanville,FL,27736,+1-934-612-3281x2067
P00028,713 French Road Apt. 618,Lake Edward,AZ,35317,(310)924-9947
P00029,877 Carly Meadows Suite 940,East Suzanneshire,GA,77456,4498027874
P00030,5655 Mia Isle,Steeleport,IL,87347,(980)871-5451x6808
P00031,703 Dunn Heights Suite 710,Lake Eric,AZ,72700,9866131712
P00032,3782 Lee Rapid Apt. 146,Sarahhaven,TX,35519,9447997278
P00033,5339 Hall Trail Suite 057,Hughesberg,FL,65424,9282951718
P00034,74596 Melissa Walk,Finleyfort,CA,71413,3919343161
P00035,50455 Thomas Pines,Knightburgh,GA,22781,(519)969-3792
P00036,4821 Landry Radial,Daniellechester,FL,90981,674-636-7136x959
P00037,0909 Wall Heights Apt. 953,New John,CA,99536,001-821-404-7095x2145
P00038,842 Sloan Orchard Suite 517,East Karenbury,TX,89148,001-868-751-6048x1754
P00039,859 Deborah Roads,Blankenshipport,AZ,85598,(712)800-4711x38267
P00040,179 Crosby Harbors Apt. 537,Sampsonstad,IL,13523,+1-258-750-6431x71390
P00041,83933 Schroeder Turnpike,West Micheleberg,NY,17539,+1-742-210-2053
P00042,117 Strickland Passage Apt. 783,Lake Kristahaven,TX,40036,400.376.6177x115
P00043,9847 Garcia Squares Apt. 836,Beasleychester,TX,44925,366.315.6545x271
P00044,80988 Santiago Loop Suite 604,Michaelshire,WA,67008,627.531.5851
P00045,402 Park Inlet,Michaelburgh,NY,19277,001-861-920-1836
P00046,910 Eric River Apt. 147,Tuckermouth,FL,54788,238-515-6149x784
P00047,43244 Wilson Parks,Thompsonfurt,CA,70307,001-738-885-1606x071
P00048,1605 Laurie River Suite 516,East Ryanfurt,NY,69177,364-553-5218
P00049,12432 Kathleen Shoal,East Stephaniefort,TX,61312,001-699-279-9552x71774
P00050,0054 Deanna Walk Apt. 998,Fordside,AZ,97352,2799359782
P00051,182 John Mill Suite 889,West Nathan,CA,37580,(465)790-5151x8644
P00052,6291 Hansen Row Suite 281,Romerotown,AZ,48027,223-757-3322x1418
P00053,22927 Robert Springs Apt. 794,Youngbury,IL,41063,435.697.7468x8623
P00054,181 Miller Estates Suite 782,Davisbury,TX,59631,(206)706-8536x153
P00055,20472 West Avenue Apt. 043,New Shelby,GA,80308,961.243.4103x69711
P00056,6095 Ashley Ferry,New Theresaland,AZ,69452,+1-788-680-6706
P00057,3195 Bradley Plains,Lisaburgh,AZ,90243,772.621.7043x030
P00058,0345 Michelle Isle Suite 156,Paulfurt,WA,44939,(877)458-4161
P00059,4479 Jackson Mills,Sergiostad,IL,81090,(340)516-5820x29702
P00060,092 Rush Landing Suite 192,Raymondview,FL,33218,602-978-6814
P00061,12172 Osborn Valleys Suite 518,Patriciaburgh,FL,93799,001-725-983-1323x705
P00062,46786 Morrow Cliffs,West Dawn,TX,59480,485.628.9226x801
P00063,8414 Cynthia Plaza,Davidport,WA,81035,+1-718-229-9229
P00064,943 Montgomery Burgs,Smallside,NY,38468,+1-947-536-4710x2767
P00065,562 Robertson Coves Suite 371,Shannonberg,AZ,13190,7465963259
P00066,4701 Wagner Garden Apt. 950,West Troyfort,GA,37954,+1-201-862-4565
P00067,416 Duran Harbors Apt. 216,Lauramouth,IL,73617,(923)998-6800x025
P00068,9526 Wheeler Parkways,Ericksonport,NY,62746,9556169409
P00069,097 Alexandria Stravenue,Hernandezbury,TX,04639,001-513-807-5626
P00070,028 Ann Shore Suite 865,South Rhonda,GA,45370,+1-654-597-3348
P00071,375 Bailey Underpass Suite 419,Huangfurt,TX,45738,001-624-404-1574x73384
P00072,08330 Robert Stravenue,Garciaberg,TX,01180,+1-226-377-3454
P00073,62067 Sharon Well,Nancytown,AZ,39611,001-491-954-7887
P00074,74205 Bradley Throughway Apt. 296,Robertsonland,WA,53039,+1-612-227-5304x63745
P00075,17426 Vaughn Route,Michaelbury,WA,29222,(572)579-5687
P00076,785 Samantha Creek,Port Amyhaven,NY,26998,001-982-325-8713
P00077,2867 Angelica Spring,Jenniferfurt,AZ,33853,2393106518
P00078,2265 West Lane Suite 182,Davidside,AZ,52019,723.400.4786x86337
P00079,69033 Craig Bypass,Harperton,AZ,32578,001-706-773-8302x8439
P00080,4408 Connie Meadow,Williamsstad,AZ,84821,+1-668-456-6246x28733
P00081,8826 Jonathan Isle Apt. 751,North Joseph,AZ,88800,+1-290-513-9837x354
P00082,739 Randy Garden,Kimberlyfurt,GA,61613,+1-954-745-8771
P00083,93204 Phillips Flat Suite 369,South Andrea,CA,90265,247-377-2522x87280
P00084,2312 Jeffery Motorway,Brucefort,WA,86914,800.488.6008x4840
P00085,39845 Norton Common,Susanmouth,AZ,74556,934.210.1666
P00086,6591 Jerry Ways,Nelsonland,CA,90210,689-402-5039x261
P00087,856 Krystal Spurs Apt. 850,South Jesseland,CA,45143,+1-899-865-0477x358
P00088,94311 Moore Station Apt. 655,North Adamport,NY,58793,(341)221-2678x886
P00089,0466 Jenny Points Apt. 982,Jacksonview,IL,39970,672-512-6464x715
P00090,1240 Cook River,Brockmouth,WA,58201,969-524-5937x52654
P00091,1939 Erin Plaza Apt. 737,Marieland,AZ,54128,+1-872-843-4266x17979
P00092,891 Kayla Shoals Suite 290,Rasmussenmouth,WA,56921,501-943-8889
P00093,0714 Knapp Corner,Port Sheliaberg,IL,46157,657-238-7571x7751
P00094,123 Andrea Isle Suite 736,East Danielle,GA,57141,(309)437-9660x3341
P00095,7859 Carr Radial,West Michaelmouth,NY,81419,(649)391-2513
P00096,9296 Lopez Roads Apt. 827,Donaldmouth,WA,59614,+1-905-807-2368x876
P00097,90340 Walker Heights,Port Stephen,GA,97824,001-578-881-9148x58078
P00098,0745 Scott Crest,East Lisa,GA,77561,001-659-462-9233x095
P00099,481 Sydney Turnpike Suite 042,East Dustin,WA,42718,367.329.4667
P00100,7590 Jessica Mount Suite 186,South Mallory,GA,65344,354-958-9297x500
P00101,7063 Nicole Hollow,Port Sarah,TX,36417,554-815-2064
P00102,71293 Smith Square,Lisachester,IL,91469,(771)636-1115
P00103,218 Chelsey Expressway,Bellborough,IL,82824,001-826-797-3112x1965
P00104,89994 Melanie Shoals,Jamiehaven,TX,25227,001-264-703-7613x7918
P00105,8271 Brenda Bridge Suite 300,Hunterhaven,GA,54952,(761)888-9241x41832
P00106,6303 Sandy Crescent,Salazarton,WA,41040,+1-421-602-0275x88425
P00107,6481 Joseph Ports,South Spencerstad,NY,07767,292.552.4191x3800
P00108,08635 Robert Stravenue,Josephland,GA,75413,(618)702-3806x174
P00109,49493 Richardson Park Apt. 832,South Andrewside,IL,45907,+1-405-606-4138x3670
P00110,571 William Route Suite 199,South Elaineberg,AZ,31535,345-465-5743x1329
P00111,1853 Parker Greens Apt. 124,East Marymouth,WA,19942,235-868-0442
P00112,71210 Maria Forges,East Madison,FL,49291,+1-219-994-1013x72151
P00113,670 Vega Extensions Suite 324,Seanberg,WA,05042,+1-899-434-7687x014
P00114,806 Castillo Tunnel,Coopershire,TX,66350,564-420-5930x40785
P00115,039 Kelly Villages Apt. 239,Lindastad,GA,78038,6594929378
P00116,308 Smith Ridges,Port David,GA,94471,(750)302-9218
P00117,154 Taylor Estate Suite 752,Jeffreyshire,FL,23484,(544)322-0969x0295
P00118,55215 Smith Fords,Lake Carlos,WA,34141,800-767-6267
P00119,327 Lauren Bypass Suite 054,North Matthewfurt,WA,21591,001-418-215-9970x6296
P00120,8844 Young Causeway,Armstrongfort,WA,20632,3502614973
P00121,1467 Jacobson Greens,Lake Amyburgh,WA,49131,(452)370-4774x3490
P00122,380 Cardenas Manor Suite 937,Christianton,WA,66312,001-589-592-1722
P00123,29451 Paul Locks Suite 487,Port Isabellashire,AZ,68994,(716)822-9991x19148
P00124,24629 Williams Isle Apt. 074,Andrewport,TX,41257,571-932-4754x691
P00125,508 Cameron Station Suite 289,East Jamesborough,AZ,08054,807.305.3457
P00126,727 Cooper Villages Suite 140,Williamsshire,AZ,28592,433.446.8007
P00127,446 York Mount Suite 374,Silvatown,IL,67546,+1-658-699-4417x15454
P00128,96520 Bright Green,Sullivanton,NY,76919,001-493-653-8758x428
P00129,825 Jeffrey Fork Suite 655,Brendamouth,FL,15938,809.299.1738x1684
P00130,6972 Huffman Falls,South Marvinburgh,FL,41580,+1-800-874-3292x7129
P00131,08350 Sherman Pines Apt. 003,Lake Natalie,WA,41407,(616)689-4210
P00132,2575 Frederick Valleys Suite 033,East Jessica,NY,77793,221.350.6489x09010
P00133,2304 Stanley Shore Suite 992,Rivasville,AZ,67555,001-791-841-1739x3483
P00134,75300 Rebecca Village Suite 218,Lake Jenniferview,GA,84955,674.747.0120
P00135,00225 Kline Road,Natalieland,AZ,49341,421-366-7467x62120
P00136,96590 Timothy Oval Apt. 670,West Dianatown,AZ,92850,+1-889-493-5889x16375
P00137,28772 Karen Islands,West Tara,NY,07100,738.366.3177x97177
P00138,66088 Margaret Turnpike,Pamelaside,GA,27613,+1-975-350-3758x9975
P00139,5488 Park Cape,South Donald,NY,94460,001-361-849-3316x3735
P00140,7982 Smith Street,New Savannahshire,TX,63799,529.622.1699x58669
P00141,2269 Cameron Plaza Suite 833,New Jennifer,GA,90496,(822)688-5158x799
P00142,106 Brian Centers,West Karen,WA,21595,542-804-3805x7198
P00143,066 Frye Spur Suite 800,Jamesmouth,TX,30064,+1-359-889-3347x2122
P00144,29405 Mckinney Drives Apt. 259,Port Sarahport,CA,64798,001-385-415-8328
P00145,3355 Carter Terrace,Barajastown,AZ,15537,+1-657-239-9305x61648
P00146,877 Kenneth Run Apt. 581,East Teresaside,FL,70389,3134361386
P00147,10248 Bailey Forks,Rickeymouth,GA,83104,(765)306-1809x1901
P00148,7660 Moore Forges,Lake Peter,NY,72030,824-350-8821x0099
P00149,68222 Christina Glen Apt. 129,Port Karenside,WA,60959,+1-581-341-4139x7552
P00150,7759 Steele Drives,Lindseychester,FL,22604,9539364525
P00151,129 Meagan Walks Apt. 834,Lake Charlestown,AZ,66977,+1-409-796-9308x4887
P00152,78816 Shaw Shore Apt. 928,South Erik,WA,74734,001-627-750-3731
P00153,7700 Garcia Pike Suite 498,South Desiree,WA,48381,001-718-946-3865
P00154,272 Chris Row,Jasonburgh,CA,21126,(491)836-5177x739
P00155,80920 Jonathan Falls,Greeneshire,NY,84075,5418379772
P00156,842 Nielsen Ranch,East Nicholasberg,WA,14731,9382862912
P00157,72980 Boyd Land,Lake Alyssabury,TX,63693,001-865-699-1624x73149
P00158,818 Nicholas Ford,Robertville,AZ,20788,(994)448-6959x46368
P00159,9562 Julie Mission Apt. 138,Hartmanside,GA,80982,001-602-560-1279x611
P00160,9849 Sonya Viaduct Apt. 770,Port Diane,IL,68416,430-398-8392x0530
P00161,669 April Street Apt. 184,Michaelview,IL,30162,+1-337-669-0426x818
P00162,947 Hart Trail Apt. 577,South Darrenland,AZ,50658,+1-833-756-5880x4341
P00163,5394 Stacey Springs Apt. 733,Port Joseph,TX,30543,239.252.1117
P00164,9472 Sanders Terrace Apt. 086,Ayerston,AZ,66361,(362)771-8750x036
P00165,434 Mullen Junctions,Ivanchester,AZ,28095,(855)864-7292x93143
P00166,0267 Wendy Vista,Kristenport,FL,33396,+1-990-361-2034
P00167,8845 Robert Keys Apt. 998,Port Justin,IL,43111,+1-887-371-6947x22569
P00168,4496 Barron Tunnel Suite 987,Jacksontown,GA,16890,001-234-813-2611x1780
P00169,9216 Perez Street,Scottberg,FL,17707,420.905.5778x48728
P00170,845 Fernandez Valley Apt. 745,Greenport,FL,01884,9826547807
P00171,308 Lopez Points Suite 632,Claytonbury,CA,34970,863-589-4484
P00172,79749 Lopez Brook Apt. 080,North Julian,CA,16890,001-970-731-2073x564
P00173,20461 White Ville Suite 601,South Kelsey,NY,58560,603.771.8376
P00174,7435 Michelle Forge,East Cynthiamouth,TX,02475,(949)416-3009
P00175,1950 Michael Drives,East Tonymouth,CA,73685,+1-657-930-6524x0778
P00176,7498 Casey Drives Suite 448,Shawnhaven,AZ,50182,001-920-495-9351x8638
P00177,18102 Morgan Flats Apt. 731,New Darlenefurt,TX,86736,389.994.0539x1037
P00178,0948 Jessica Village Suite 138,North Jessicaside,IL,51007,338.739.2886
P00179,22868 Sandoval Place Suite 558,Meganchester,AZ,83501,(259)239-8368x45776
P00180,0433 Smith View,Samanthahaven,FL,73419,001-692-710-7522
P00181,1969 Jessica Stream Suite 727,New Dawnton,IL,96287,001-561-205-5661
P00182,8058 Mark Square,East Brent,GA,96390,(379)998-1364x6225
P00183,1686 Kathleen Orchard Apt. 769,New Christina,IL,96926,533.714.6591x16655
P00184,59792 Williams Viaduct Apt. 352,North Jodibury,IL,81897,(740)551-4770
P00185,792 Nicholas Shore Apt. 420,Jamesview,FL,07458,301.764.5104x636
P00186,38780 John Pines,Matthewfurt,IL,98069,(205)655-4384
P00187,432 Prince Shoals,North Jessica,CA,68752,+1-593-463-9264x95782
P00188,48262 Lonnie Point,East Lonnieberg,IL,95800,3564647423
P00189,993 Jerry Burg Suite 172,Josephstad,TX,24615,(577)522-3306x0463
P00190,757 Ronald Trail Apt. 965,Carrshire,AZ,78332,+1-880-281-7703
P00191,47644 Jackson Hill,Lake Zacharyberg,IL,61263,+1-271-481-2982x6657
P00192,1452 Christopher Squares,Waltersland,TX,69158,001-468-492-6860x259
P00193,4474 David Curve,North Cindy,AZ,33676,5779780973
P00194,84983 Jack Centers,Benjaminton,WA,87925,001-494-651-0162
P00195,9501 Morris Light,Port Ronaldside,CA,09010,372-314-5868x3390
P00196,9548 Ho Ridges Suite 877,New Jesse,WA,38575,801.207.1396
P00197,34414 Hunter Islands,North Ginamouth,NY,52411,001-499-902-3557x7027
P00198,6084 Peters Brook Apt. 955,East Juantown,IL,44954,(882)399-6291x4504
P00199,3842 Neil Camp Apt. 178,Port Timothyhaven,TX,20696,457.584.5218
P00200,40915 Small Cove,Andrewport,WA,84236,353.634.4857
P00201,881 Amy Plaza,Josephport,GA,75747,421.249.5870
P00202,0166 Janet Ramp,Jensenport,AZ,44060,981.679.2171
P00203,3329 Durham Lock Apt. 557,Johnsonfort,NY,15297,(377)724-5992x816
P00204,769 Allen Gardens Apt. 761,Jaredshire,IL,57012,(395)983-2197x19975
P00205,196 Snyder Shore,North Jeffberg,FL,76623,001-602-627-8469x97335
P00206,90986 Melissa Circle Suite 800,Danielport,GA,04588,569.465.6666
P00207,6242 Alexander Rue Apt. 276,North Derrick,IL,55008,596.492.7868x765
P00208,384 House Ports Suite 009,Bushville,WA,76557,312.684.7818x9137
P00209,7879 Fisher Union,Keithton,GA,91602,+1-249-640-7929x049
P00210,4294 Hodge Bridge,New Gregshire,TX,97358,(275)724-3728
P00211,6637 Jason Street,Brianview,FL,99523,502-876-7478
P00212,86047 Gregory Pines Apt. 185,Bishopview,IL,44405,441-749-6739x385
P00213,61817 Robinson Haven,Jamestown,GA,81686,409-839-1119
P00214,24471 Livingston Harbor,Schwartzmouth,WA,34230,(614)406-6504
P00215,627 Douglas Trafficway,Robinsonville,IL,58379,001-241-201-1947x072
P00216,9087 Graham Vista Apt. 830,Finleyfort,NY,16387,001-785-354-6015
P00217,328 Tammy Shore Apt. 461,Tommouth,AZ,96881,320.630.9376
P00218,05050 Wilson Valley Suite 829,North Benjamin,IL,19059,407.390.3202x0417
P00219,931 Ronald Valleys Suite 519,West Mary,IL,28449,001-909-525-1142x62582
P00220,962 Nichole Common,North Harryland,GA,93134,+1-494-267-2324x8763
P00221,456 Angela Fields,New Tiffanystad,TX,71243,237.734.0312x77220
P00222,701 Sara Fall Apt. 078,North Pattymouth,NY,78188,001-356-535-3153
P00223,17970 Thomas Ridge Suite 265,South Jennifer,AZ,83341,(943)852-0904x217
P00224,292 Christopher Walks Suite 397,Ramirezchester,GA,96993,235.869.3929
P00225,806 Mendoza Union Apt. 773,New Karenchester,FL,29075,(954)231-0742
P00226,625 Padilla Alley,South Patriciamouth,AZ,70089,7462498931
P00227,16579 Michael Extensions Apt. 832,Johnville,GA,85571,793.935.5486x4015
P00228,8847 Marsh Square,East Patriciamouth,NY,11944,462-941-1241
P00229,6827 Fisher Street,West Jaimetown,FL,30952,456.695.5798x87749
P00230,4025 Bryant Expressway Apt. 842,Port Jean,IL,87841,(623)710-5927
P00231,552 West Estates,Davidtown,TX,53527,427.952.0885x4749
P00232,28140 Williamson Forges Suite 515,New Danielleshire,GA,69501,843.501.8718
P00233,562 Wood Landing,West Michaelport,TX,58903,+1-813-476-7426
P00234,47851 Davis Lodge,Robertside,AZ,61071,001-692-932-6487x049
P00235,24471 Butler Overpass,North David,AZ,36836,219.659.7964x7158
P00236,2520 Ward Roads Suite 044,New Jamesburgh,FL,12888,+1-428-255-4451x895
P00237,5213 Wesley Village Apt. 898,South Stevenland,AZ,15779,(707)454-5279
P00238,22342 David Common,Vazquezville,TX,10689,2769031089
P00239,0119 Briana Flats,Lake Michael,IL,12399,(349)355-2893
P00240,342 Teresa Courts,New Melissa,TX,62722,(892)371-2566x383
P00241,82754 Christopher Park Apt. 647,Gloriamouth,NY,30106,+1-264-963-1752
P00242,26691 Calvin Flat,Jamesfurt,GA,16591,967.849.9465
P00243,1147 Hall Dale,North Joanland,CA,65792,+1-902-569-5249x91187
P00244,588 Stephanie Bypass Suite 167,Melissamouth,WA,60749,6028842762
P00245,889 Alvarez Walk Apt. 806,Troyfurt,CA,81364,+1-854-350-0902x55905
P00246,0333 Watkins Spurs Apt. 415,North Amanda,GA,05400,869.786.4079x056
P00247,357 Jackson Hills,Taraborough,WA,65637,+1-318-734-4049x6391
P00248,3514 Reynolds Plains Suite 366,Colleenmouth,NY,88523,001-282-508-2973x74896
P00249,466 Dalton Circles,Port Robert,WA,38124,+1-924-993-6312x3034
P00250,24204 Hopkins Fall,Lake Toddtown,GA,07752,459-541-6516
P00251,984 Wilkerson Freeway,Port Lindsaymouth,CA,77089,001-263-963-2123x4764
P00252,8673 Suarez Drive,Thomasstad,NY,40893,7903034864
P00253,0644 Sharon Throughway Apt. 432,Welchchester,FL,04941,717-876-5612x481
P00254,0027 Aaron Flats Suite 591,East Johnberg,GA,78359,+1-765-477-2429x54316
P00255,08931 Gonzalez Squares,North Richard,IL,56718,+1-942-315-2910x867
P00256,7626 Carol View Suite 362,Sparkstown,CA,38537,739-873-5971x072
P00257,941 Angela Center Suite 375,North Jonfurt,WA,40151,(452)380-9242x8757
P00258,1502 Savage Village,Juliechester,GA,37584,294-585-6257x287
P00259,4276 Wanda Park,South Michaelside,GA,64097,671.521.5134x228
P00260,1371 Johnson Springs,South Nathanielville,WA,42907,(701)277-7490
P00261,923 Laurie Haven Suite 018,Davisview,FL,23833,461.303.2664
P00262,925 Marilyn Passage Apt. 776,Adamschester,IL,12326,001-965-392-6610x85732
P00263,2243 Phillips Causeway Apt. 081,Gutierrezmouth,TX,87120,001-894-254-9180x1722
P00264,9779 Peterson Well Apt. 321,Monicaville,TX,57359,+1-800-961-0277
P00265,641 Derek Field Apt. 030,South Deborah,IL,85663,868.231.4727
P00266,7079 James Port Suite 050,Lake Melaniechester,AZ,54985,599.284.0767x8997
P00267,146 Wilson Road Suite 760,West Jessica,IL,62005,(873)783-9597x246
P00268,341 Anderson Flats,New Travis,FL,55024,243.338.0054x5228
P00269,83745 Hammond Trail,Paulahaven,NY,79706,+1-410-377-1199x18081
P00270,478 Oconnor Courts,Lake Michael,CA,18559,437-360-3754
P00271,3286 Devin Meadow Suite 678,Sherrymouth,AZ,19583,001-208-611-5562x60602
P00272,550 Mccullough Ridge Apt. 673,Terryfurt,GA,26360,610-785-6288x4318
P00273,943 Barber Parkways,Lake Brianstad,CA,34547,+1-585-710-1749x0753
P00274,683 Mark Prairie,Port Kimberly,NY,60048,926-561-1062
P00275,886 Silva Roads Suite 776,East William,TX,64040,001-772-388-1377x028
P00276,9408 David Inlet,Kevinfort,NY,04168,(929)260-4432
P00277,7949 Mccullough Tunnel,Alvarezberg,NY,18657,277.972.5199x66365
P00278,094 Dawn Corner,New Amber,GA,99803,4982378018
P00279,89569 Travis Brooks Suite 626,Port Allisonfurt,GA,34209,311-482-4224
P00280,95200 Price Island,South Patricia,GA,34308,(610)233-9937x8861
P00281,0630 Spencer Radial,East Kathrynberg,NY,40427,001-467-518-3258
P00282,07942 Brian Orchard Suite 946,Meganborough,FL,77198,840.528.9141x61284
P00283,547 Sanchez Islands Suite 379,Allenberg,WA,85231,8973002687
P00284,071 Stanton Lane,Paultown,IL,16854,653.570.3045x319
P00285,47930 Tracey Route Suite 149,Jacksonborough,CA,86987,001-699-592-1921x2493
P00286,870 Davidson Run Apt. 566,Davidhaven,NY,61657,558.703.0468x7506
P00287,361 James Isle,Bryanville,WA,04154,560.395.4317x3505
P00288,791 Terri Bypass,Edwardsland,GA,17217,2706496110
P00289,99076 Pope River Apt. 507,Brianaville,CA,13960,7918939284
P00290,20024 Palmer Run,Larryside,GA,19588,(474)295-4508
P00291,5333 Matthew Shores,Nealmouth,FL,79113,001-259-995-9465x217
P00292,379 John Street,Lindsayfurt,IL,27412,(520)750-1508x1247
P00293,2342 Abbott Gardens,East Andrew,GA,34814,502-761-5347
P00294,112 Laura Fields Suite 559,Rowlandbury,GA,06555,001-999-538-4253x04289
P00295,86857 White Station,Aliciafort,IL,94302,574.696.9033x3736
P00296,4812 Kenneth Path,Jerryton,WA,61482,495.967.7665x75460
P00297,48881 House Courts Apt. 150,West James,IL,43655,844-839-2840x445
P00298,8263 Jennifer Fords,Hallshire,AZ,72933,001-777-451-5366x37780
P00299,5536 Jennings Lodge,Marktown,TX,74894,8225599996
P00300,71597 Davis Cove Apt. 097,East Jamesfurt,FL,37701,234.481.7058
P00301,12867 Paul Way Apt. 234,Meyersfort,FL,21312,+1-394-893-8743x027
P00302,777 Jo Heights Suite 546,South John,TX,81468,001-667-362-9160x3248
P00303,6815 Karina Parkways,Robertburgh,CA,33631,880.570.1765
P00304,257 Murray Corner,Lake Stephanie,WA,18884,342.220.9124x1862
P00305,30837 Mary Valleys Apt. 647,New Adamfurt,FL,26943,753.531.0600
P00306,220 Hunt Via,Marcusborough,AZ,82378,786.461.3315
P00307,3731 Santos Land,North Nicolechester,TX,40023,001-497-718-9241x95625
P00308,0997 Dixon Streets,New Briana,GA,02243,309.214.3639
P00309,63039 Stevenson Isle,West Lonnie,WA,05692,864.703.5533x80339
P00310,1302 David Extensions,East William,FL,56369,001-974-523-3629x3449
P00311,6627 Henderson Ridge,Wolffort,IL,03097,001-966-614-9828x24674
P00312,2732 Adam Wall,Travischester,GA,52228,001-556-874-9160x1692
P00313,750 House Street Apt. 370,Crystaltown,WA,91919,+1-824-897-2439x92011
P00314,362 King Hollow,Willischester,FL,99127,001-211-395-2436x4027
P00315,462 Nicholas Squares Apt. 372,South Ashleyborough,WA,24832,402.334.6791
P00316,50937 Chambers Courts Apt. 040,North Jasontown,NY,49740,+1-584-777-5965x555
P00317,5107 Hardy Dam,New Davidhaven,GA,37131,001-735-279-7863x050
P00318,97691 Patterson Mountains Apt. 649,Lake Douglas,IL,68665,001-480-927-1487
P00319,32116 Ethan Islands,Mirandabury,FL,94764,771-828-7153x991
P00320,863 Jonathon Highway Apt. 115,Lake Sheri,GA,75584,(825)769-0409x836
P00321,993 Randall Plain,Stewartport,AZ,29193,972.594.2095x4814
P00322,52330 Melissa Stream Suite 420,Rogersfort,CA,46154,001-266-618-4438x61259
P00323,7423 Linda Flat,West Jessicashire,AZ,13863,+1-826-462-0157x20185
P00324,36749 Denise Lane,Port Stevenfurt,GA,36574,+1-975-601-1117x8309
P00325,7649 Cory Circles,South Lisa,AZ,03089,(488)287-1898x1312
P00326,29321 York Bypass,North Williamstad,NY,71860,(960)434-0848
P00327,883 Elaine Cape Apt. 032,Melissaborough,FL,18091,+1-683-895-4296x184
P00328,46283 Crystal Grove Apt. 598,South Lorraine,AZ,41966,(360)793-1418x18615
P00329,40163 Lynn Tunnel,East Alishaport,FL,77679,818.459.4849x1025
P00330,9240 Diane Divide Suite 940,Jasminebury,CA,89396,+1-567-627-5784x468
P00331,5111 Shirley Expressway Apt. 148,Stokestown,CA,56073,+1-782-577-8816x09306
P00332,728 Gregory Lakes,New Michael,CA,07173,(676)525-1538x14474
P00333,48079 Brown Avenue Suite 545,North Michaelburgh,IL,53200,(901)267-3188x261
P00334,6545 Mcclain Plain,Danielmouth,AZ,86520,422.856.0531x340
P00335,37416 Pierce Union,West Karen,GA,52913,862.211.0225x80305
P00336,63928 John Trafficway Apt. 436,South Jasmine,AZ,14009,001-689-523-9231x260
P00337,06684 Jeffrey Meadow,Brownchester,GA,84894,7412454563
P00338,47491 Lopez Overpass Suite 541,Lake Alexanderside,CA,17580,455-398-9534x39611
P00339,71189 Turner Mountains,New Jennifer,FL,06243,(336)884-8557
P00340,94240 Laura Square,Lake Lisa,FL,65385,+1-488-212-7868x66943
P00341,788 Turner Forges,Jeanetteside,FL,16112,(430)683-4024
P00342,81059 Nguyen Squares,Jenniferchester,FL,80649,850-605-3424x0891
P00343,3543 Moore Fort,Richardsonfort,IL,12781,427.822.3972x4042
P00344,63761 Jessica Valley,New Coryfurt,GA,03216,200-223-1429
P00345,132 Malone Mills Apt. 457,East Brian,AZ,91208,281-500-1841x862
P00346,4361 Jackson Creek,North Stephanie,AZ,37438,(719)451-5109x226
P00347,451 Hendricks Shore Suite 410,Port Diana,FL,42477,(467)371-1964
P00348,5767 Guzman Roads Suite 236,Dunnside,GA,70463,788.236.1968x9313
P00349,721 Rhonda Lake Apt. 472,Sanchezbury,GA,07823,001-421-226-0650x1917
P00350,09622 Manning Summit,Theodoremouth,TX,58693,+1-804-912-0092x8206
P00351,362 Dudley Pike Suite 236,East Philipside,TX,79810,877-556-6205
P00352,503 Martin Coves Apt. 390,Jacobborough,GA,84175,2342199097
P00353,4683 Walton Stream,Terriville,WA,43927,(981)382-0967x90422
P00354,22889 West Curve,Kellychester,NY,05745,001-463-639-9129x710
P00355,1752 Martin Harbors,Michaelland,WA,23987,001-674-874-7219x705
P00356,5895 Miller Loop,Bakerton,GA,81846,+1-503-880-2146x2961
P00357,7871 Henry Coves Suite 636,Calebmouth,TX,79716,237.814.7082x7235
P00358,3030 Nelson Roads Apt. 121,Richardport,CA,93851,568.734.2016x542
P00359,659 Morrow Points,North Jennifer,IL,76324,+1-625-250-2727x516
P00360,791 Jeffery Field,Hortonburgh,GA,79267,(335)933-9055x0448
P00361,5868 Wilson Fall Suite 652,New Ryan,CA,37860,+1-364-991-1110x96179
P00362,3378 Wilson Walks Suite 157,Odonnellfurt,AZ,01497,(238)244-4463x060
P00363,2963 Lee Row Suite 096,Lake Peter,AZ,95936,(365)882-6312
P00364,253 Christopher Mews Apt. 920,New Patrickberg,IL,59969,+1-352-433-4383x6404
P00365,79112 Green Falls,North Troystad,AZ,27760,(417)406-1713x6657
P00366,55799 Eric Streets,Saraborough,GA,79945,5802882351
P00367,4731 Erickson Run,Stuartfort,AZ,57656,963.842.3461x99423
P00368,9196 Gonzalez Knoll Suite 172,New Johnnychester,WA,38967,+1-385-560-1256x253
P00369,05053 Bradley Islands Apt. 816,Carolynhaven,IL,29004,784-591-9665
P00370,46117 Carolyn Ramp Suite 390,Andrewshire,WA,01110,342.860.8805x017
P00371,1857 Phillip Square Suite 715,North Jeffreytown,AZ,18685,256-232-1358
P00372,41459 Nelson Extension,New Steven,IL,17053,929-567-1883x97745
P00373,8331 Teresa Circle,North Ellen,FL,61862,(337)415-3988x5472
P00374,836 Casey Manors Apt. 491,South Nancy,WA,98153,930-772-4078
P00375,6326 Romero Center,Nelsonville,WA,06941,+1-866-334-3629x4897
P00376,10094 Cameron Courts,Jeremyfurt,GA,51869,(313)447-3235x4940
P00377,432 Maldonado Expressway Apt. 572,Lake Thomasmouth,AZ,03230,(241)920-9579
P00378,94388 Kari Trail,North Kevinmouth,NY,59826,958.347.4570x5458
P00379,63257 John Streets,Howardland,AZ,25908,(614)687-8245x5696
P00380,167 Roberts Branch Suite 272,Cindyburgh,IL,40300,641.240.7034x9107
P00381,42548 Stephanie Station,Douglasborough,FL,57130,001-814-830-7536
P00382,9429 Shelton Islands Apt. 342,Spencerport,FL,40477,449-978-2661
P00383,5676 Murray Points Apt. 612,Kristinshire,AZ,67636,(929)289-4062x607
P00384,9149 Vaughn Way,North Joyhaven,NY,97410,001-203-982-8723x244
P00385,29181 James Mountains,Port Williamfurt,AZ,07795,946-372-3849
P00386,32883 Castillo Highway,New Trevorview,TX,51774,(617)266-2047x1960
P00387,52774 Tina Knolls Apt. 586,East Dianastad,CA,86475,001-495-672-4461x7679
P00388,961 Anthony Street Apt. 311,Villafort,FL,42923,001-933-712-6610x94101
P00389,1762 James Overpass,Sheltonbury,NY,26871,001-726-883-1901x3020
P00390,87339 Mason Knolls Apt. 176,Sawyershire,TX,10743,(784)211-7309
P00391,5124 Amanda Garden Suite 690,New Thomasview,FL,86121,5057643502
P00392,71990 Zavala Mall,New Timothyberg,GA,35957,001-201-207-8356x7430
P00393,087 Paul Lane Apt. 668,North Samuel,CA,81195,(853)256-0331x903
P00394,10272 Williams Keys,West David,NY,52643,611.514.8375x3745
P00395,56974 James Dam,West Judy,AZ,28126,952-203-7710
P00396,04967 Michelle Lights Suite 033,Lopezchester,FL,70295,5402850954
P00397,0186 Garrison Place Suite 699,Franciscofurt,FL,61755,001-232-604-4138x4596
P00398,49542 Ford Mill,South Benjaminstad,NY,63442,+1-483-660-9149x8517
P00399,32290 Danny Camp Apt. 879,Bobbybury,GA,08471,001-944-305-8093x511
P00400,561 Liu Divide Apt. 595,Theresastad,IL,62194,790-725-0429x0193
P00401,261 Susan Fork,Ryanville,NY,69675,6975887543
P00402,75137 Cox Knoll Apt. 579,South Kristie,NY,30616,001-628-736-9294
P00403,297 Rachel Wells Suite 021,Bakerside,NY,93743,712.406.0212x8866
P00404,55999 Virginia Cape Apt. 576,Yangchester,WA,38418,001-772-929-8120x99576
P00405,34750 Mitchell Lights Suite 220,South April,IL,75885,+1-451-654-2144x773
P00406,42138 Anthony Canyon,North Tracy,GA,03879,(934)896-7827x411
P00407,1513 Mark Parkways,Joshuahaven,GA,88592,001-815-506-1853x80032
P00408,2742 Cynthia Corners,North Ryan,WA,64816,+1-593-720-6496
P00409,3477 Harper Plains,Phillipsbury,GA,15229,001-446-975-3612x75156
P00410,304 Romero Vista Suite 085,Emilychester,IL,51799,866.540.4735x047
P00411,199 Anderson Plains,Lake Andrewfurt,FL,12330,001-555-681-0835x83286
P00412,3830 Megan Throughway Apt. 867,East Justintown,TX,30648,+1-830-241-6624x1118
P00413,96394 Coleman Summit,West Joshuaborough,IL,13566,697-564-6136x847
P00414,8173 Ray Fort Suite 579,Lake Lanceberg,FL,83065,418-823-7931
P00415,74645 Benjamin Spurs,Savageview,IL,90992,987.387.5357
P00416,2028 Gabriel Mill,North Nicolefort,TX,22877,+1-787-728-6604x1644
P00417,395 Kennedy Fords Suite 228,Smithchester,NY,23992,(971)704-3318
P00418,58350 Joshua View,Silvaport,AZ,48640,+1-464-688-3192x134
P00419,9994 Clark Alley Apt. 319,East Fred,GA,00533,810-828-7675x48138
P00420,8581 Stephanie Roads Suite 268,Henryview,IL,90333,886-552-0575
P00421,5203 Ward Fields,New Lanceville,TX,48849,280-294-0476x044
P00422,2781 Mike Ridge Apt. 221,Flowersville,AZ,07847,705.218.4390x552
P00423,38241 Scott Harbor,Lake William,WA,23172,+1-304-348-5157x9197
P00424,59020 Dana Mount,Lake Sherryport,IL,89746,+1-532-540-6424x2956
P00425,7417 Lane Keys Suite 209,Mooreshire,NY,28112,001-665-543-5884x183
P00426,272 Willis Landing,Barrettton,NY,42754,001-615-402-6755x125
P00427,9799 Simon Mountains,West Jennifer,TX,79267,276-440-3816x64969
P00428,225 Tara Inlet,Port Michael,WA,52404,(470)523-2441
P00429,85072 Garcia Plaza,Halefort,FL,88114,(873)316-2526x5469
P00430,92355 Mason Alley,Melendezbury,CA,18599,630.834.6156x2624
P00431,2268 Steven Corner Suite 160,West David,GA,66950,(770)976-6046x4197
P00432,26861 Adam Station Suite 389,Grahammouth,TX,37425,8177750954
P00433,424 Butler Mission,Kennethton,NY,78590,350-486-3218
P00434,5793 Williams Islands Suite 029,South Williamland,GA,44773,+1-646-560-2416x1394
P00435,64248 Cassandra Falls Suite 406,North Kimberly,GA,86643,(244)779-5133
P00436,695 Alvarez Point Apt. 555,Lynnberg,AZ,61049,001-773-382-6460x9178
P00437,4577 Eric Prairie Apt. 959,Perrytown,TX,98986,587-336-8269x1163
P00438,686 Potter Manor,Luisstad,CA,83112,958-688-6367
P00439,4085 Douglas Springs,South Bettychester,CA,55324,(730)593-2998x19960
P00440,0968 Melissa Estates,Woodbury,TX,23466,935.524.1039x7739
P00441,523 Bowen Cliff,Lake Antoniochester,AZ,68627,661.864.8198x0770
P00442,6876 Dale Vista,Katherineshire,TX,99273,625-365-2373
P00443,734 Phillips Mills Suite 749,Brookeberg,CA,19902,640.435.9544x29477
P00444,464 Anthony Forest,Eddietown,TX,34503,(788)867-9252x985
P00445,727 Smith Circles,Jeffreyborough,FL,29901,(249)513-5779
P00446,1581 Tran Place,Port Brianshire,TX,69044,634.623.3720
P00447,84033 Brenda Prairie,Marshallside,AZ,07196,913-671-7173x18939
P00448,739 Gay Glen,Guzmanfort,NY,83224,(558)778-4448
P00449,712 Smith Pass Suite 722,Port Ryanport,GA,12896,958.323.1334x845
P00450,252 Katie Turnpike,Port Eric,WA,87348,(958)679-6434
P00451,574 Elliott Track Suite 060,Gomezberg,WA,60386,001-540-533-4450x56658
P00452,13257 Crane Cape Suite 734,Brownton,NY,84338,648-557-4172x15622
P00453,848 Norris Dam Apt. 557,East Manuel,TX,30343,855.934.4902x166
P00454,509 Forbes Parkways,Kristyfort,GA,37548,001-451-319-1818
P00455,64772 Jones Rue,Shawnchester,AZ,03316,(594)709-6003x5624
P00456,592 Kendra Ford,Huntertown,TX,70417,+1-402-885-1553x334
P00457,0271 Johnson Ways,South Brandon,CA,57982,(533)369-1128x9812
P00458,563 Tracie Union Suite 748,South Allenfurt,IL,55553,(615)754-1643x1670
P00459,028 Donald Mountains,North Caitlynborough,WA,97474,+1-445-296-2622x82251
P00460,9500 Johnson Mountains Apt. 260,Farmerhaven,FL,22749,(910)953-1611
P00461,90477 Anderson Shoals Suite 917,Goodmanshire,CA,26228,(638)322-3116
P00462,7988 Wolf Curve Suite 652,Lake Rebeccafurt,WA,83322,7322020326
P00463,96737 Gardner Crest Suite 855,West Matthew,CA,64379,001-587-915-8415x60821
P00464,54768 Tammy Parkways Apt. 683,Port Erin,AZ,02692,758.592.9880
P00465,2129 Megan Terrace,New Sheri,AZ,80411,(234)306-4686x77524
P00466,99106 Douglas View Apt. 362,Myersborough,NY,33081,(613)742-6192x372
P00467,197 Donna Hills Apt. 897,North Nicole,IL,99362,001-554-306-4176x9274
P00468,76601 Kirby Street Suite 485,Estradaview,NY,47249,801-673-9739
P00469,996 Williams Coves Apt. 911,West Betty,AZ,93471,+1-266-505-7798x066
P00470,46074 Cardenas Key Suite 347,West Stephenview,WA,21550,788.756.5271
P00471,4116 Howell Route,Port Patrick,CA,35193,001-675-657-5225x013
P00472,131 Jennifer Wells Suite 425,Randyfurt,IL,14083,001-249-991-5370x3824
P00473,37320 Sanchez Brooks,Masseychester,NY,73419,+1-893-662-8969
P00474,5535 Jones Square Apt. 538,North Tina,NY,67013,001-278-951-9358x374
P00475,20878 Paula Neck Apt. 151,Ashleytown,AZ,94035,+1-876-426-3748x453
P00476,90591 Christina Pines Suite 233,Port Howard,TX,85620,415.311.6966x6725
P00477,7124 Gonzalez Keys Apt. 571,Andrewton,IL,73524,8516208005
P00478,23972 Theresa Court Apt. 959,South Jasmine,AZ,23765,427.309.0814x41529
P00479,8671 Matthew Lakes Apt. 373,Williamston,IL,63471,+1-691-781-5899x88683
P00480,666 Miller Burg Suite 158,Lynchport,CA,65724,001-240-280-3149x98250
P00481,068 William Springs Apt. 317,East Jennifer,GA,10064,001-237-539-9006x314
P00482,63560 Donald Gateway Suite 694,Lake Jill,FL,36233,(406)566-4374x90607
P00483,1285 Sherry Glens,Mitchellport,GA,37817,001-541-416-3187
P00484,13062 Kathryn Valley Apt. 369,Samuelberg,CA,58437,+1-408-733-5090x254
P00485,6248 Jeffrey Road,West Diane,CA,58024,4717398482
P00486,809 Jennifer Islands Suite 021,North Patrick,FL,74256,2699130981
P00487,967 Felicia Ridge Suite 577,South Amanda,AZ,47704,824.626.4250
P00488,2536 Stephenson Mount,Wallacefurt,IL,61255,(755)962-8333x393
P00489,4362 Rodriguez Run Suite 496,East Jeffside,FL,21042,+1-868-562-7036x92492
P00490,275 Erica Turnpike,North Andrewton,CA,43952,755-932-3415
P00491,1822 Robert Place Suite 288,Gravesview,IL,90935,812.971.0267
P00492,9927 Tara Skyway Suite 515,East Dennisport,IL,89285,(821)435-4159x7099
P00493,075 Brett Garden Suite 476,Billymouth,IL,86931,658-802-9090
P00494,46558 Russell Junctions Apt. 548,South Juan,WA,11420,315.481.0213x125
P00495,00591 Brandi Well,Welchmouth,GA,87655,391-202-3121
P00496,16583 Roth Station,Jacobsburgh,NY,62001,590-372-8012x3428
P00497,3269 Guzman Parkways,Jefferyview,CA,45689,001-838-304-4210x1750
P00498,15959 Ashley Stream Suite 757,Victorfort,FL,41588,+1-933-792-0567
P00499,7722 Barnes Burg Apt. 562,Diazchester,IL,87240,(429)623-1067
P00500,48433 Lawson Parks Suite 627,West Suzanneland,IL,42874,001-679-442-3873x670
